CREATE DATABASE  IF NOT EXISTS `comunidice` /*!40100 DEFAULT CHARACTER SET utf8 */;
USE `comunidice`;
-- MySQL dump 10.13  Distrib 8.0.13, for Win64 (x86_64)
--
-- Host: localhost    Database: comunidice
-- ------------------------------------------------------
-- Server version	8.0.13

/*!40101 SET @OLD_CHARACTER_SET_CLIENT=@@CHARACTER_SET_CLIENT */;
/*!40101 SET @OLD_CHARACTER_SET_RESULTS=@@CHARACTER_SET_RESULTS */;
/*!40101 SET @OLD_COLLATION_CONNECTION=@@COLLATION_CONNECTION */;
 SET NAMES utf8 ;
/*!40103 SET @OLD_TIME_ZONE=@@TIME_ZONE */;
/*!40103 SET TIME_ZONE='+00:00' */;
/*!40014 SET @OLD_UNIQUE_CHECKS=@@UNIQUE_CHECKS, UNIQUE_CHECKS=0 */;
/*!40014 SET @OLD_FOREIGN_KEY_CHECKS=@@FOREIGN_KEY_CHECKS, FOREIGN_KEY_CHECKS=0 */;
/*!40101 SET @OLD_SQL_MODE=@@SQL_MODE, SQL_MODE='NO_AUTO_VALUE_ON_ZERO' */;
/*!40111 SET @OLD_SQL_NOTES=@@SQL_NOTES, SQL_NOTES=0 */;

--
-- Table structure for table `amigo`
--

DROP TABLE IF EXISTS `amigo`;
/*!40101 SET @saved_cs_client     = @@character_set_client */;
 SET character_set_client = utf8mb4 ;
CREATE TABLE `amigo` (
  `ID_USUARIO` int(11) NOT NULL,
  `ID_USUARIO2` int(11) NOT NULL,
  `FECHA` date NOT NULL,
  PRIMARY KEY (`ID_USUARIO`,`ID_USUARIO2`),
  KEY `fk_AMIGO_USUARIO1_idx` (`ID_USUARIO`),
  KEY `fk_AMIGOS_USUARIO2_idx` (`ID_USUARIO2`),
  CONSTRAINT `fk_AMIGO_USUARIO1` FOREIGN KEY (`ID_USUARIO`) REFERENCES `usuario` (`id_usuario`),
  CONSTRAINT `fk_AMIGO_USUARIO2` FOREIGN KEY (`ID_USUARIO2`) REFERENCES `usuario` (`id_usuario`)
) ENGINE=InnoDB DEFAULT CHARSET=utf8;
/*!40101 SET character_set_client = @saved_cs_client */;

--
-- Dumping data for table `amigo`
--

LOCK TABLES `amigo` WRITE;
/*!40000 ALTER TABLE `amigo` DISABLE KEYS */;
INSERT INTO `amigo` VALUES (6,7,'2019-02-14'),(6,8,'2019-04-25'),(7,6,'2019-02-14');
/*!40000 ALTER TABLE `amigo` ENABLE KEYS */;
UNLOCK TABLES;

--
-- Table structure for table `categoria`
--

DROP TABLE IF EXISTS `categoria`;
/*!40101 SET @saved_cs_client     = @@character_set_client */;
 SET character_set_client = utf8mb4 ;
CREATE TABLE `categoria` (
  `ID_CATEGORIA` int(11) NOT NULL AUTO_INCREMENT,
  `NOMBRE` varchar(45) NOT NULL,
  PRIMARY KEY (`ID_CATEGORIA`)
) ENGINE=InnoDB AUTO_INCREMENT=12 DEFAULT CHARSET=utf8;
/*!40101 SET character_set_client = @saved_cs_client */;

--
-- Dumping data for table `categoria`
--

LOCK TABLES `categoria` WRITE;
/*!40000 ALTER TABLE `categoria` DISABLE KEYS */;
INSERT INTO `categoria` VALUES (3,'JUEGOS'),(4,'DADOS'),(5,'BOLSAS'),(6,'MANUALES'),(8,'AVENTURAS'),(10,'GUÍAS'),(11,'PANTALLAS');
/*!40000 ALTER TABLE `categoria` ENABLE KEYS */;
UNLOCK TABLES;

--
-- Table structure for table `comentario`
--

DROP TABLE IF EXISTS `comentario`;
/*!40101 SET @saved_cs_client     = @@character_set_client */;
 SET character_set_client = utf8mb4 ;
CREATE TABLE `comentario` (
  `ID_COMENTARIO` int(11) NOT NULL AUTO_INCREMENT,
  `ID_USUARIO` int(11) NOT NULL,
  `ID_FORO` int(11) DEFAULT NULL,
  `ID_PRODUCTO` int(11) DEFAULT NULL,
  `CONTENIDO` varchar(500) NOT NULL,
  `FECHA` date NOT NULL,
  PRIMARY KEY (`ID_COMENTARIO`),
  KEY `fk_ID_PRODUCTO_COMENTARIO1` (`ID_PRODUCTO`),
  KEY `fk_ID_USUARIO_COMENTARIO1` (`ID_USUARIO`),
  KEY `fk_ID_FORO_COMENTARIO1` (`ID_FORO`),
  CONSTRAINT `fk_ID_FORO_COMENTARIO1` FOREIGN KEY (`ID_FORO`) REFERENCES `foro` (`id_foro`),
  CONSTRAINT `fk_ID_PRODUCTO_COMENTARIO1` FOREIGN KEY (`ID_PRODUCTO`) REFERENCES `producto` (`id_producto`),
  CONSTRAINT `fk_ID_USUARIO_COMENTARIO1` FOREIGN KEY (`ID_USUARIO`) REFERENCES `usuario` (`id_usuario`)
) ENGINE=InnoDB AUTO_INCREMENT=6 DEFAULT CHARSET=utf8;
/*!40101 SET character_set_client = @saved_cs_client */;

--
-- Dumping data for table `comentario`
--

LOCK TABLES `comentario` WRITE;
/*!40000 ALTER TABLE `comentario` DISABLE KEYS */;
/*!40000 ALTER TABLE `comentario` ENABLE KEYS */;
UNLOCK TABLES;

--
-- Table structure for table `compra`
--

DROP TABLE IF EXISTS `compra`;
/*!40101 SET @saved_cs_client     = @@character_set_client */;
 SET character_set_client = utf8mb4 ;
CREATE TABLE `compra` (
  `ID_COMPRA` int(11) NOT NULL AUTO_INCREMENT,
  `ID_USUARIO` int(11) NOT NULL,
  `SUBTOTAL` double DEFAULT NULL,
  `TOTAL` double DEFAULT NULL,
  `MODO_PAGO` tinyint(4) NOT NULL,
  `FECHA_COMPRA` date NOT NULL,
  `GASTOS_ENVIO` double DEFAULT NULL,
  PRIMARY KEY (`ID_COMPRA`),
  KEY `fk_COMPRA_USUARIO1_idx` (`ID_USUARIO`),
  CONSTRAINT `fk_COMPRA_USUARIO1` FOREIGN KEY (`ID_USUARIO`) REFERENCES `usuario` (`id_usuario`)
) ENGINE=InnoDB AUTO_INCREMENT=30 DEFAULT CHARSET=utf8;
/*!40101 SET character_set_client = @saved_cs_client */;

--
-- Dumping data for table `compra`
--

LOCK TABLES `compra` WRITE;
/*!40000 ALTER TABLE `compra` DISABLE KEYS */;
/*!40000 ALTER TABLE `compra` ENABLE KEYS */;
UNLOCK TABLES;

--
-- Table structure for table `direccion`
--

DROP TABLE IF EXISTS `direccion`;
/*!40101 SET @saved_cs_client     = @@character_set_client */;
 SET character_set_client = utf8mb4 ;
CREATE TABLE `direccion` (
  `ID_DIRECCION` int(11) NOT NULL AUTO_INCREMENT,
  `ID_REGION` int(11) NOT NULL,
  `ID_USUARIO` int(11) NOT NULL,
  `MUNICIPIO` varchar(45) NOT NULL,
  `LOCALIDAD` varchar(45) DEFAULT NULL,
  `CP` varchar(45) NOT NULL,
  `CALLE` varchar(45) DEFAULT NULL,
  `NUMERO` int(11) DEFAULT NULL,
  `PORTAL` varchar(45) DEFAULT NULL,
  `PISO` varchar(45) DEFAULT NULL,
  `OTROS` varchar(45) DEFAULT NULL,
  PRIMARY KEY (`ID_DIRECCION`),
  KEY `fk_DIRECCION_USUARIO_idx` (`ID_USUARIO`),
  KEY `fk_DIRECCION_REGION1_idx` (`ID_REGION`),
  CONSTRAINT `fk_DIRECCION_REGION1` FOREIGN KEY (`ID_REGION`) REFERENCES `region` (`id_region`),
  CONSTRAINT `fk_DIRECCION_USUARIO` FOREIGN KEY (`ID_USUARIO`) REFERENCES `usuario` (`id_usuario`)
) ENGINE=InnoDB AUTO_INCREMENT=8 DEFAULT CHARSET=utf8;
/*!40101 SET character_set_client = @saved_cs_client */;

--
-- Dumping data for table `direccion`
--

LOCK TABLES `direccion` WRITE;
/*!40000 ALTER TABLE `direccion` DISABLE KEYS */;
INSERT INTO `direccion` VALUES (5,27,31,'ljhgljh','ljhvljh','2875','lgkghcj',1,'1','1','1'),(6,27,32,'iuhoiu',NULL,'25648','uyguyg',2,NULL,'3','a'),(7,27,74,'Chantada','Chantada','27500','avd monforte',86,NULL,NULL,NULL);
/*!40000 ALTER TABLE `direccion` ENABLE KEYS */;
UNLOCK TABLES;

--
-- Table structure for table `foro`
--

DROP TABLE IF EXISTS `foro`;
/*!40101 SET @saved_cs_client     = @@character_set_client */;
 SET character_set_client = utf8mb4 ;
CREATE TABLE `foro` (
  `ID_FORO` int(11) NOT NULL AUTO_INCREMENT,
  `ID_USUARIO_CREADOR` int(11) DEFAULT NULL,
  `ID_CATEGORIA` int(11) NOT NULL,
  `NOMBRE` varchar(45) NOT NULL,
  PRIMARY KEY (`ID_FORO`),
  KEY `fk_FORO_CATEGORIA1_idx` (`ID_CATEGORIA`),
  KEY `fk_FORO_USUARIO1_idx` (`ID_USUARIO_CREADOR`),
  CONSTRAINT `fk_FORO_CATEGORIA1` FOREIGN KEY (`ID_CATEGORIA`) REFERENCES `categoria` (`id_categoria`),
  CONSTRAINT `fk_FORO_USUARIO1` FOREIGN KEY (`ID_USUARIO_CREADOR`) REFERENCES `usuario` (`id_usuario`)
) ENGINE=InnoDB AUTO_INCREMENT=4 DEFAULT CHARSET=utf8;
/*!40101 SET character_set_client = @saved_cs_client */;

--
-- Dumping data for table `foro`
--

LOCK TABLES `foro` WRITE;
/*!40000 ALTER TABLE `foro` DISABLE KEYS */;
/*!40000 ALTER TABLE `foro` ENABLE KEYS */;
UNLOCK TABLES;

--
-- Table structure for table `idioma`
--

DROP TABLE IF EXISTS `idioma`;
/*!40101 SET @saved_cs_client     = @@character_set_client */;
 SET character_set_client = utf8mb4 ;
CREATE TABLE `idioma` (
  `IDIOMA` varchar(5) NOT NULL,
  PRIMARY KEY (`IDIOMA`)
) ENGINE=InnoDB DEFAULT CHARSET=utf8;
/*!40101 SET character_set_client = @saved_cs_client */;

--
-- Dumping data for table `idioma`
--

LOCK TABLES `idioma` WRITE;
/*!40000 ALTER TABLE `idioma` DISABLE KEYS */;
INSERT INTO `idioma` VALUES ('en_GB'),('es_ES');
/*!40000 ALTER TABLE `idioma` ENABLE KEYS */;
UNLOCK TABLES;

--
-- Table structure for table `idioma_producto`
--

DROP TABLE IF EXISTS `idioma_producto`;
/*!40101 SET @saved_cs_client     = @@character_set_client */;
 SET character_set_client = utf8mb4 ;
CREATE TABLE `idioma_producto` (
  `IDIOMA` varchar(5) NOT NULL,
  `ID_PRODUCTO` int(11) NOT NULL,
  `NOMBRE` varchar(45) NOT NULL,
  `DESCRIPCION` varchar(250) DEFAULT NULL,
  PRIMARY KEY (`ID_PRODUCTO`,`IDIOMA`),
  KEY `fk_ID_PRODUCTO_IDIOMA_PRODUCTO1_idx` (`ID_PRODUCTO`),
  KEY `fk_IDIOMA_IDIOMA_PRODUCTO1_idx` (`IDIOMA`),
  CONSTRAINT `fk_IDIOMA_IDIOMA_PRODUCTO1` FOREIGN KEY (`IDIOMA`) REFERENCES `idioma` (`idioma`),
  CONSTRAINT `fk_ID_PRODUCTO_IDIOMA_PRODUCTO1` FOREIGN KEY (`ID_PRODUCTO`) REFERENCES `producto` (`id_producto`)
) ENGINE=InnoDB DEFAULT CHARSET=utf8;
/*!40101 SET character_set_client = @saved_cs_client */;

--
-- Dumping data for table `idioma_producto`
--

LOCK TABLES `idioma_producto` WRITE;
/*!40000 ALTER TABLE `idioma_producto` DISABLE KEYS */;
INSERT INTO `idioma_producto` VALUES ('en_GB',63,'GREEN D20','GREEN D20 WITH RED SPOTS'),('es_ES',63,'D20 VERDE','D20 EN COLOR VERDE CON MOTAS ROJAS'),('en_GB',64,'GREEN D4','GREEN D4 WITH RED SPOTS'),('es_ES',64,'D4 VERDE','D4 EN COLOR VERDE CON MOTAS ROJAS'),('en_GB',65,'GREEN D10','GREEN D10 WITH RED SPOTS'),('es_ES',65,'D10 VERDE','D10 EN COLOR VERDE CON MOTAS ROJAS'),('en_GB',66,'GREEN D8','GREEN D8 WITH RED SPOTS'),('es_ES',66,'D8 VERDE','D8 EN COLOR VERDE CON MOTAS ROJAS'),('en_GB',67,'GREEN D6','GREEN D6 WITH RED SPOTS'),('es_ES',67,'D6 VERDE','D6 EN COLOR VERDE CON MOTAS ROJAS'),('es_ES',68,'VAMPIRO: LA MASCARADA','NUEVA EDICIÓN CON REGLAS RENOVADAS Y UN SISTEMA MAS PRÓXIMO A SUS ORÍGENES, CENTRADO EN LOS PROBLEMAS ÉTICOS EN CUANTO AL \nPODER, SUS LÍMITES Y SUS CONSECUENCIAS'),('es_ES',69,'VAMPIRO:PECADOS DE SANGRE','INFORMACIÓN SOBRE EL EVENTO LA DIABLERIE, NUEVAS SENDAS DE \nILUMINACIÓN Y PODERES PARA LOS VÁSTAGOS'),('en_GB',70,'TREEBEARD BAG','BAG WITH A VINYL PICTURE OF THE ICONIC CHARARCTER FROM LoR'),('es_ES',70,'BOLSA BARBOL','BOLSA PARA DADOS DE TELA CON EL DIBUJO DEL CONOCIDO PERSONAJE DE LoR \nEN VINILO'),('en_GB',71,'LEATHER BAG','LEATHER BLACK BAG TO KEEP YOUR DICES'),('es_ES',71,'BOLSA DE CUERO','BOLSA PARA DADOS EN CUERO COLOR NEGRO'),('es_ES',72,'SEGUNDA GUERRA','SISTEMA DE JUEGO AMBIENTADO \nEN UN MULTIVERSO EN LA EDAD MEDIA, INCLUYE VARIEDAD DE RAZAS, DESDE LAS MÁS CONOCIDAS A ALGUNAS MÁS NOVEDOSAS. CUENTA CON REGLAS Y HABILIDADES \nSORPRENDENTES Y OTRAS QUE RECUERDAN A LOS MEJORES MANGAS'),('es_ES',73,'ANIMA: PANTALLA DEL DIRECTOR','PANTALLA DE 4 PANELES DONDE SE \nREUNEN TODAS LAS TABLAS Y REGLAS NECESARIAS PARA DIRIGIR UNA PARTIDA'),('es_ES',74,'ANIMA: GAÏA, MÁS ALLÁ DE LOS SUEÑOS','TREINTA PAISES y\nREGIONES RELATADOS CON DETALLE PARA CONOCER SU GEOGRAFÍA Y ESTILO DE VIDA. INCLUYE MAPA A TODO COLOR. DETALLA TAMBIÉN LOS INICIOS DEL\nMUNDO PARA COMPRENDER LA ACTUAL SITUACIÓN DEL SACRO SANTO IMPERIO'),('es_ES',75,'ANIMA: BEYOD FANTASY','ANIMA ES UN SISTEMA DESARROLLADO POR AUTORES JAPONESES Y EUROPEOS REUNIENDO EL ESTILO DE JUEGO DE AMBAS CULTURAS. LA AMBIENTACIÓN\n SE INSPIRA EN CONOCIDAS SAGAS DE FALTASÍA ORIENTALES, PERO PRESENTANDO UN NUEVO TRASFONDO COMPLETAMENTE ORIGINAL'),('es_ES',76,'AQUELARRE: DECAMERON','NAIE DIJO QUE FUERA SENCILLO VIVIR EN LOS REINOS MEDIEVALES DE LA PENÍNSULA IBERICA, HERVIDERO DE TRAICIONES\nHEROÍSMO, LEYENDAS Y DEMONIOS!. Y  NADIE LO SABE MEJOR QUE LOS AVENTUREROS DE AQUELARRE, EL JUEGO DEMONÍACO MEDIEVAL'),('es_ES',77,'AQUELARRE: BESTIARIUM HISPANIAE','ESTE NUEVO SUPLEMENTO CONTIENE TODA LA INFORMACIÓN SOBRE LAS BESTIAS Y CRIATURAS QUE HABITAN LA\nPENÍNSULA IBÉRICA'),('es_ES',78,'AQUELARRE: DAEMONOLATREIA','GUÍA SOBRE LAS LEYENDAS ALREDEDOR DEL PAGANISMO Y SUS RITUALES DURANTE EL MEDIEVO\nEN LA PENÍNSULA IBÉRICA QUE CONTRIBUIRÁ A UNA MEJOR AMBIENTACIÓN DE TUS PARTIDAS DE AQUELARRE'),('en_GB',79,'D&D DM SCREEN','4 PANELS SCREEN WHERE ARE ALL TABLES AND RULES TO MASTERING YOUR GAME. THERE ARE A DETAILED D&D WORLD MAP TOO'),('es_ES',79,'D&D: PANTALLA DEL DIRECTOR','PANTALLA DE 4 PANELES DONDE SE REUNEN TODAS LAS TABLAS Y REGLAS NECESARIAS PARA DIRIGIR UNA PARTIDA, ASÍ COMO UN DETALLADO MATA DEL MUNDO DE D&D'),('en_GB',80,'D&D: GUIDE TO RAVICA','GUIDE TO PLAY D&D IN THE WORLD OF THE MOST POPULAR TRADING CAD GAME, MAGIC: THE GATHERING. KNOW ALL SECRETS OF\nTHIS WORLD AND HOW TO PLAY D&D IN IT'),('en_GB',81,'CALL OF CTHULU: 7º EDITION','NEW EDITION OF CALL OF CTHULU, THE ROL GAME INSPIRED AT THE H.P.\nLOVECRAFT WORK. ACTING LIKE A DETECTIVE YOU WILL TRAVEL TO STRANGE AND DANGEROUS PLACES, EXPOSE CONSPIRACIES AND FACE THE DANGER'),('es_ES',82,'EL RASTRO DE CTHULU: APOCALIPSIS CTHULU','EN 1936 TODA LA HUMANIDAD ESTÁ MUERTA, EXCEPTO TÚ. ¿QUE HA PASADO?, ¿QUEDA ALGÚN OTRO SUPERVIVIENTE?, ¿COMO CONSEGUIRÁS SOBREVIVIR?. \nDESCUBRELO EN ESTA AVENTURA'),('en_GB',83,'D&D: STRANGER THINGS','NEW EDITION OF DUNGEONS & DRAGONS BASED ON THE POPULAR TV SERIES STRANGER THINGS. LIFE THE SAME ADVENTURE THAT THESE CHARACTERS\nFIGHTING AGAINST THE DEMOGORGON AND INVESTIGATING ABOUT MISTERIOUS FACTS IN A SMALL TOWN'),('en_GB',84,'TRAIL OF CTHULU: AWESOME STORIES','8 ADVENTURES TO PLAY CALL OF CTHULU. BULLETS OF SANGHAI, DEATH LAUGHT LAST, Y DIMENSION, KIDNAPPING, \nBACK TO RED HOOK, THE BOOK, THE WRECK AND DEVORERS FROM MIST'),('en_GB',85,'DELTA GREEN','THE US GOVERMENT SENT YOU TO A MISTERIOUS JUNGLE TO FIND \nAND DESTROY SOME ANCIENTS OBJECT RELATED TO CTHULU AND HIS BACK TO THE EARTH. FIGHT IN THIS WAR TO SAVE THE WORLD FROM THE TENTACLES OF CTHULU');
/*!40000 ALTER TABLE `idioma_producto` ENABLE KEYS */;
UNLOCK TABLES;

--
-- Table structure for table `juego`
--

DROP TABLE IF EXISTS `juego`;
/*!40101 SET @saved_cs_client     = @@character_set_client */;
 SET character_set_client = utf8mb4 ;
CREATE TABLE `juego` (
  `ID_PRODUCTO` int(11) NOT NULL,
  `NOMBRE` varchar(45) NOT NULL,
  `DESCRIPCION` varchar(255) NOT NULL,
  `FORMATO` tinyint(4) NOT NULL,
  `PAGINAS` int(11) NOT NULL,
  `ID_USUARIO` int(11) DEFAULT NULL,
  `TIPO_VENDEDOR` tinyint(4) NOT NULL,
  `ANO_PUBLICACION` int(11) NOT NULL,
  `TIPO_TAPA` tinyint(4) DEFAULT NULL,
  PRIMARY KEY (`ID_PRODUCTO`),
  KEY `fk_JUEGO_USUARIO1` (`ID_USUARIO`),
  CONSTRAINT `fk_JUEGO_PRODUCTO1` FOREIGN KEY (`ID_PRODUCTO`) REFERENCES `producto` (`id_producto`),
  CONSTRAINT `fk_JUEGO_USUARIO1` FOREIGN KEY (`ID_USUARIO`) REFERENCES `usuario` (`id_usuario`)
) ENGINE=InnoDB DEFAULT CHARSET=utf8;
/*!40101 SET character_set_client = @saved_cs_client */;

--
-- Dumping data for table `juego`
--

LOCK TABLES `juego` WRITE;
/*!40000 ALTER TABLE `juego` DISABLE KEYS */;
INSERT INTO `juego` VALUES (68,'VAMPIRO: LA MASCARADA','NUEVA EDICIÓN CON REGLAS RENOVADAS Y UN SISTEMA MAS PRÓXIMO A SUS ORÍGENES, CENTRADO EN LOS PROBLEMAS ÉTICOS EN CUANTO AL \n PODER, SUS LÍMITES Y SUS CONSECUENCIAS',0,230,NULL,0,2018,0),(72,'SEGUNDA GUERRA','SISTEMA DE JUEGO AMBIENTADO \n EN UN MULTIVERSO EN LA EDAD MEDIA, INCLUYE VARIEDAD DE RAZAS, DESDE LAS MÁS CONOCIDAS A ALGUNAS MÁS NOVEDOSAS. CUENTA CON REGLAS Y HABILIDADES \n SORPRENDENTES Y OTRAS QUE RECUERDAN A LOS MEJORES MANGAS',1,100,7,1,2019,NULL),(75,'ANIMA: BEYOND FANTASY','ANIMA ES UN SISTEMA DESARROLLADO POR AUTORES JAPONESES Y EUROPEOS REUNIENDO EL ESTILO DE JUEGO DE AMBAS CULTURAS. LA AMBIENTACIÓN\n  SE INSPIRA EN CONOCIDAS SAGAS DE FALTASÍA ORIENTALES, PERO PRESENTANDO UN NUEVO TRASFONDO COMPLETAMENTE ORIGINAL',0,158,NULL,0,2017,1),(76,'AQUELARRE: DECAMERON','NAIE DIJO QUE FUERA SENCILLO VIVIR EN LOS REINOS MEDIEVALES DE LA PENÍNSULA IBERICA, HERVIDERO DE TRAICIONES\n HEROÍSMO, LEYENDAS Y DEMONIOS!. Y  NADIE LO SABE MEJOR QUE LOS AVENTUREROS DE AQUELARRE, EL JUEGO DEMONÍACO MEDIEVAL',0,400,NULL,0,2018,0),(81,'CALL OF CTHULU: 7º EDITION','NEW EDITION OF CALL OF CTHULU, THE ROL GAME INSPIRED AT THE H.P.\n LOVECRAFT WORK. ACTING LIKE A DETECTIVE YOU WILL TRAVEL TO STRANGE AND DANGEROUS PLACES, EXPOSE CONSPIRACIES AND FACE THE DANGER',0,324,NULL,0,2019,1),(83,'D&D: STRANGER THINGS','NEW EDITION OF DUNGEONS & DRAGONS BASED ON THE POPULAR TV SERIES STRANGER THINGS. LIFE THE SAME ADVENTURE THAT THESE CHARACTERS\n FIGHTING AGAINST THE DEMOGORGON AND INVESTIGATING ABOUT MISTERIOUS FACTS IN A SMALL TOWN',0,148,NULL,0,2017,1);
/*!40000 ALTER TABLE `juego` ENABLE KEYS */;
UNLOCK TABLES;

--
-- Table structure for table `linea_compra`
--

DROP TABLE IF EXISTS `linea_compra`;
/*!40101 SET @saved_cs_client     = @@character_set_client */;
 SET character_set_client = utf8mb4 ;
CREATE TABLE `linea_compra` (
  `N_LINEA_COMPRA` int(11) NOT NULL AUTO_INCREMENT,
  `ID_COMPRA` int(11) NOT NULL,
  `ID_PRODUCTO` int(11) NOT NULL,
  `CANTIDAD` int(11) NOT NULL,
  `PRECIO_UNITARIO` double DEFAULT NULL,
  `PRECIO_TOTAL` double DEFAULT NULL,
  `DESCUENTO` double DEFAULT NULL,
  PRIMARY KEY (`N_LINEA_COMPRA`,`ID_COMPRA`),
  KEY `fk_LINEA_COMPRA_COMPRA1_idx` (`ID_COMPRA`),
  KEY `fk_LINEA_COMPRA_PRODUCTO1_idx` (`ID_PRODUCTO`),
  CONSTRAINT `fk_LINEA_COMPRA_COMPRA1` FOREIGN KEY (`ID_COMPRA`) REFERENCES `compra` (`id_compra`),
  CONSTRAINT `fk_LINEA_COMPRA_PRODUCTO1` FOREIGN KEY (`ID_PRODUCTO`) REFERENCES `producto` (`id_producto`)
) ENGINE=InnoDB AUTO_INCREMENT=11 DEFAULT CHARSET=utf8;
/*!40101 SET character_set_client = @saved_cs_client */;

--
-- Dumping data for table `linea_compra`
--

LOCK TABLES `linea_compra` WRITE;
/*!40000 ALTER TABLE `linea_compra` DISABLE KEYS */;
/*!40000 ALTER TABLE `linea_compra` ENABLE KEYS */;
UNLOCK TABLES;

--
-- Table structure for table `linea_venta`
--

DROP TABLE IF EXISTS `linea_venta`;
/*!40101 SET @saved_cs_client     = @@character_set_client */;
 SET character_set_client = utf8mb4 ;
CREATE TABLE `linea_venta` (
  `N_LINEA_VENTA` int(11) NOT NULL,
  `ID_VENTA` int(11) NOT NULL,
  `ID_PRODUCTO` int(11) NOT NULL,
  `CANTIDAD` int(11) NOT NULL,
  `PRECIO_UNITARIO` double DEFAULT NULL,
  `DESCUENTO` double DEFAULT NULL,
  `PRECIO_TOTAL` double DEFAULT NULL,
  PRIMARY KEY (`N_LINEA_VENTA`,`ID_VENTA`),
  KEY `fk_LINEA VENTA_VENTA1_idx` (`ID_VENTA`),
  KEY `fk_LINEA VENTA_PRODUCTO1_idx` (`ID_PRODUCTO`),
  CONSTRAINT `fk_LINEA VENTA_PRODUCTO1` FOREIGN KEY (`ID_PRODUCTO`) REFERENCES `producto` (`id_producto`),
  CONSTRAINT `fk_LINEA VENTA_VENTA1` FOREIGN KEY (`ID_VENTA`) REFERENCES `venta` (`id_venta`)
) ENGINE=InnoDB DEFAULT CHARSET=utf8;
/*!40101 SET character_set_client = @saved_cs_client */;

--
-- Dumping data for table `linea_venta`
--

LOCK TABLES `linea_venta` WRITE;
/*!40000 ALTER TABLE `linea_venta` DISABLE KEYS */;
/*!40000 ALTER TABLE `linea_venta` ENABLE KEYS */;
UNLOCK TABLES;

--
-- Table structure for table `mensaje`
--

DROP TABLE IF EXISTS `mensaje`;
/*!40101 SET @saved_cs_client     = @@character_set_client */;
 SET character_set_client = utf8mb4 ;
CREATE TABLE `mensaje` (
  `ID_MENSAJE` int(11) NOT NULL AUTO_INCREMENT,
  `ID_USUARIO1` int(11) NOT NULL,
  `ID_USUARIO2` int(11) NOT NULL,
  `CONTENIDO` varchar(500) NOT NULL,
  `FECHA_HORA` date NOT NULL,
  PRIMARY KEY (`ID_MENSAJE`),
  KEY `fk_MENSAJE_USUARIO1_idx` (`ID_USUARIO1`),
  KEY `FK_ID_USUARIO2_idx` (`ID_USUARIO2`),
  CONSTRAINT `FK_ID_USUARIO1` FOREIGN KEY (`ID_USUARIO1`) REFERENCES `usuario` (`id_usuario`),
  CONSTRAINT `FK_ID_USUARIO2` FOREIGN KEY (`ID_USUARIO2`) REFERENCES `usuario` (`id_usuario`)
) ENGINE=InnoDB AUTO_INCREMENT=12 DEFAULT CHARSET=utf8;
/*!40101 SET character_set_client = @saved_cs_client */;

--
-- Dumping data for table `mensaje`
--

LOCK TABLES `mensaje` WRITE;
/*!40000 ALTER TABLE `mensaje` DISABLE KEYS */;
INSERT INTO `mensaje` VALUES (5,6,7,'Prueba de mensaje 10','2019-04-02'),(8,7,6,'gngdjgfd','2019-04-02'),(9,6,8,'Richard','2019-04-25'),(10,6,7,'Hola','2019-04-25'),(11,6,8,'Corralini','2019-04-30');
/*!40000 ALTER TABLE `mensaje` ENABLE KEYS */;
UNLOCK TABLES;

--
-- Table structure for table `pais`
--

DROP TABLE IF EXISTS `pais`;
/*!40101 SET @saved_cs_client     = @@character_set_client */;
 SET character_set_client = utf8mb4 ;
CREATE TABLE `pais` (
  `ID_PAIS` int(11) NOT NULL,
  `NOMBRE_PAIS` varchar(45) NOT NULL,
  PRIMARY KEY (`ID_PAIS`)
) ENGINE=InnoDB DEFAULT CHARSET=utf8;
/*!40101 SET character_set_client = @saved_cs_client */;

--
-- Dumping data for table `pais`
--

LOCK TABLES `pais` WRITE;
/*!40000 ALTER TABLE `pais` DISABLE KEYS */;
INSERT INTO `pais` VALUES (30,'GREECE'),(31,'NEDERLAND'),(32,'BELGIË'),(33,'FRANCE'),(34,'ESPAÑA'),(35,'MAGYARORSZÁG'),(351,'PORTUGAL'),(353,'EIRE'),(354,'ISLAND'),(358,'SUOMI'),(359,'BULGARIA');
/*!40000 ALTER TABLE `pais` ENABLE KEYS */;
UNLOCK TABLES;

--
-- Table structure for table `producto`
--

DROP TABLE IF EXISTS `producto`;
/*!40101 SET @saved_cs_client     = @@character_set_client */;
 SET character_set_client = utf8mb4 ;
CREATE TABLE `producto` (
  `ID_PRODUCTO` int(11) NOT NULL AUTO_INCREMENT,
  `ID_CATEGORIA` int(11) NOT NULL,
  `PRECIO` double DEFAULT NULL,
  `FECHA_ENTRADA` date NOT NULL,
  `STOCK` int(11) NOT NULL,
  `IMAGEN` varchar(255) DEFAULT NULL,
  PRIMARY KEY (`ID_PRODUCTO`),
  KEY `fk_PRODUCTO_CATEGORIA1_idx` (`ID_CATEGORIA`),
  CONSTRAINT `fk_PRODUCTO_CATEGORIA1` FOREIGN KEY (`ID_CATEGORIA`) REFERENCES `categoria` (`id_categoria`)
) ENGINE=InnoDB AUTO_INCREMENT=86 DEFAULT CHARSET=utf8;
/*!40101 SET character_set_client = @saved_cs_client */;

--
-- Dumping data for table `producto`
--

LOCK TABLES `producto` WRITE;
/*!40000 ALTER TABLE `producto` DISABLE KEYS */;
INSERT INTO `producto` VALUES (63,4,1,'2018-12-03',10,NULL),(64,4,1,'2018-12-03',15,NULL),(65,4,1,'2018-12-03',3,NULL),(66,4,1,'2018-12-03',20,NULL),(67,4,1,'2018-12-03',5,NULL),(68,3,49.99,'2018-12-10',50,NULL),(69,6,20,'2018-12-03',2,NULL),(70,5,5,'2018-12-03',35,NULL),(71,5,5,'2018-12-10',35,NULL),(72,3,20,'2018-12-03',1,NULL),(73,11,24.5,'2019-03-03',10,NULL),(74,10,35.2,'2019-03-03',5,NULL),(75,3,40.95,'2019-03-03',7,NULL),(76,3,35.25,'2019-03-03',10,NULL),(77,6,37,'2019-03-03',3,NULL),(78,10,36.15,'2019-03-03',5,NULL),(79,11,10.5,'2019-03-03',7,NULL),(80,10,40.95,'2019-03-03',2,NULL),(81,3,35.5,'2019-03-03',10,NULL),(82,8,35.2,'2019-03-03',5,NULL),(83,3,47.45,'2019-03-03',8,NULL),(84,8,34.6,'2019-03-03',7,NULL),(85,8,23.7,'2019-03-03',10,NULL);
/*!40000 ALTER TABLE `producto` ENABLE KEYS */;
UNLOCK TABLES;

--
-- Table structure for table `region`
--

DROP TABLE IF EXISTS `region`;
/*!40101 SET @saved_cs_client     = @@character_set_client */;
 SET character_set_client = utf8mb4 ;
CREATE TABLE `region` (
  `ID_REGION` int(11) NOT NULL,
  `ID_PAIS` int(11) NOT NULL,
  `NOMBRE_REGION` varchar(45) NOT NULL,
  PRIMARY KEY (`ID_REGION`),
  KEY `fk_REGION_PAIS1_idx` (`ID_PAIS`),
  CONSTRAINT `fk_REGION_PAIS1` FOREIGN KEY (`ID_PAIS`) REFERENCES `pais` (`id_pais`)
) ENGINE=InnoDB DEFAULT CHARSET=utf8;
/*!40101 SET character_set_client = @saved_cs_client */;

--
-- Dumping data for table `region`
--

LOCK TABLES `region` WRITE;
/*!40000 ALTER TABLE `region` DISABLE KEYS */;
INSERT INTO `region` VALUES (1,34,'ARABA'),(2,34,'ALBACETE'),(3,34,'ALACANT'),(4,34,'ALMERIA'),(5,34,'ÁVILA'),(6,34,'BADAJOZ'),(7,34,'BALEARS'),(8,34,'BARCELONA'),(9,34,'BURGOS'),(10,34,'CACERES'),(11,34,'CÁDIZ'),(12,34,'CASTELLÓ'),(13,34,'CUIDAD REAL'),(14,34,'CORDOBA'),(15,34,'A CORUÑA'),(16,34,'CUENCA'),(17,34,'GIRONA'),(18,34,'GRANADA'),(19,34,'GUADALAJARA'),(20,34,'GIPUZKOA'),(21,34,'HUELVA'),(22,34,'HUESCA'),(23,34,'JAEN'),(24,34,'LEON'),(25,34,'LLEIDA'),(26,34,'LA RIOJA'),(27,34,'LUGO'),(28,34,'MADRID'),(29,34,'MÁLAGA'),(30,34,'MURCIA'),(31,34,'NAVARRA'),(32,34,'OURENSE'),(33,34,'UVIÉU'),(34,34,'PALENCIA'),(35,34,'LAS PALMAS'),(36,34,'PONTEVEDRA'),(37,34,'SALAMANCA'),(38,34,'SANTA CRUZ'),(39,34,'SANTANDER'),(40,34,'SEGOVIA'),(41,34,'SEVILLA'),(42,34,'SORIA'),(43,34,'TARRAGONA'),(44,34,'TERUEL'),(45,34,'TOLEDO'),(46,34,'VALENCIA'),(47,34,'VALLADOLID'),(48,34,'BIZKAIA'),(49,34,'ZAMORA'),(50,34,'ZARAGOZA'),(51,34,'CEUTA'),(52,34,'MELILLA'),(105,351,'LEIRIA'),(130,351,'AVEIRO'),(143,351,'BRAGA'),(155,351,'SETUBAL'),(173,351,'ILHA DAS FLORES'),(204,351,'ILHA GRACIOSA'),(302,351,'BRAGANÇA'),(333,351,'PORTO'),(344,351,'LISBOA'),(364,351,'MADEIRA'),(409,351,'GUARDA'),(436,351,'VILA REAL'),(505,351,'CASTELO BRANCO'),(516,351,'BEJA'),(543,351,'EVORA'),(714,351,'FARO'),(830,351,'VIANA DO CASTELO'),(877,351,'VISEU'),(885,351,'COIMBRA');
/*!40000 ALTER TABLE `region` ENABLE KEYS */;
UNLOCK TABLES;

--
-- Table structure for table `usuario`
--

DROP TABLE IF EXISTS `usuario`;
/*!40101 SET @saved_cs_client     = @@character_set_client */;
 SET character_set_client = utf8mb4 ;
CREATE TABLE `usuario` (
  `ID_USUARIO` int(11) NOT NULL AUTO_INCREMENT,
  `CONTRASENA` varchar(100) NOT NULL,
  `NOMBRE` varchar(45) NOT NULL,
  `APELLIDO1` varchar(45) NOT NULL,
  `APELLIDO2` varchar(45) DEFAULT NULL,
  `NOMBRE_USUARIO` varchar(45) NOT NULL,
  `EMAIL` varchar(45) NOT NULL,
  `FECHA_ALTA` date NOT NULL,
  `DESCRIPCION` varchar(250) DEFAULT NULL,
  `TELEFONO` int(11) DEFAULT NULL,
  PRIMARY KEY (`ID_USUARIO`),
  UNIQUE KEY `NOMBRE_USUARIO` (`NOMBRE_USUARIO`),
  UNIQUE KEY `EMAIL` (`EMAIL`)
) ENGINE=InnoDB AUTO_INCREMENT=75 DEFAULT CHARSET=utf8;
/*!40101 SET character_set_client = @saved_cs_client */;

--
-- Dumping data for table `usuario`
--

LOCK TABLES `usuario` WRITE;
/*!40000 ALTER TABLE `usuario` DISABLE KEYS */;
INSERT INTO `usuario` VALUES (6,'crYseJtm33JmXC7S6IyUtRzMGG3TzuHuYnkavQO5uXS+o0W8uvDY3COZ/jHMhvN/','Hector','Modino','Otero','HModino','HECTOR.MODINO.OTERO@GMAIL.COM','2019-02-13','Administrador de ComuniDice',468794132),(7,'A6b19mAtgwQmhpBllKi6wcUhIQ+Ki58Inqxe1AOLv1Q9p80TzwmPqHyuAYs2KnKU','Estela','Quijada','Viña','EQuijada','ESTELA.QUIJADA@GMAIL.COM','2019-02-14',NULL,468794132),(8,'YgNxfsUTLfvr621NJdSgf5Mz3KaugkyO1HdTbMK52ZORRTRBS7dM3DixKU3B7R6M','Alejandro Ricardo','Corral','Fernández','Corral','ACORRALFDEZ@GMAIL.COM','2019-02-20',NULL,NULL),(9,'','','','','','','2019-02-20','',0),(10,'837JBtEEX08FBACNU1++0u/pb7XanWTajZ5FO1MRaAw7TZv+JX3/36ovPW+RkURS','Estela','Quijada','Viña','v','KCDLSÑOLVJ','2019-02-20',NULL,468794132),(14,'2Hl2cWuYNofIs3xc+ZS3fcQeYh3VgyKdLCXjCMIxNalMX1K3f0J8uayCg4F/cvKS','abcd','abcd','Otero','abcd','MODINOWEB@GMAIL.COM','2019-03-21',NULL,NULL),(15,'a2zTmABTbrVGycS9i+y6wyAR8yOGo+yVKOeNKUKrDH7N7MA4xFsKOTJCyrkBAG9R','ac','ad','Otero','asfa','ASFDAS@FVSD','2019-03-21',NULL,NULL),(16,'uMeI49GATlMEUykqllfPWLECWLvZRBIRNFoqaq51OLggpGRdMkI1t5s8QMb7PxVG','asdfasd','asfa',NULL,'sadfasf','ASFDASA@ASFDAS.COM','2019-03-21',NULL,NULL),(31,'ROpt+hZMyt9A+W10JoLj/tXxtyE4nDFYpRqHGZlqm43FDXI7VvK5RgjExdkiD6rQ','ngfncfd','jgjliu','lkbjgl','lihglhj','LHJGLJH@LKJH','2019-03-22',NULL,NULL),(32,'IG1C5f4DbJs/bCnVvjLhHdxFWIKxzeqoPb4DXRBiv8k6Z0DtIXwxeq5UVqvzHkPZ','ouygkuy','liyuguy','ouygo','ouyguy','UYG@LIUG','2019-03-22',NULL,NULL),(39,'ZXLtVdrcRUs73TYr4//fEZUJdu7l/e2rtyFRei58TQ/7eRtTB3XKxigH9HZgyFdv','oihpñoih','poihpiñuobnp','piuhhbliub','piuhpi','PIUHP@IUGH','2019-03-22','oihcjeoicdjeoifvnwroifnvñslknrpfovihwsñovinwepofih',555555555),(55,'1xzloNvhJdaAwO8MH05Fp0jukGAks0C1jPdw0u0jP8YImHX06cEIivevkzPaqd0Y','Estela','Quijada','Viña','fmeñwlf','JDAIJDAO@FJLL.COM','2019-05-01',NULL,468794132),(71,'IyMwoSaSp0C2CNHKqfiZZXbCiWKh+wPsnUNbkv1XgtpK7VaR600Udd+U+CwXUWEa','Estela','Quijada','Viña','fmwlf','JDAIJDAO@FJL.COM','2019-05-01',NULL,468794132),(74,'oKsU3cCBAUrvqpo8RZEz0LAQWPnD+6EWCcPctaTBE4Y6G1ecjXMa67L1SOiL6hpK','ComuniDice Seller','Seller','Seller','hector.modino.otero@gmail.com','SOYRETRASADO@GMAIL.COM','2019-05-01',NULL,NULL);
/*!40000 ALTER TABLE `usuario` ENABLE KEYS */;
UNLOCK TABLES;

--
-- Table structure for table `valoracion_producto_favoritos`
--

DROP TABLE IF EXISTS `valoracion_producto_favoritos`;
/*!40101 SET @saved_cs_client     = @@character_set_client */;
 SET character_set_client = utf8mb4 ;
CREATE TABLE `valoracion_producto_favoritos` (
  `ID_PRODUCTO` int(11) NOT NULL,
  `ID_USUARIO` int(11) NOT NULL,
  `VALORACION` double DEFAULT NULL,
  `FAVORITO` tinyint(4) DEFAULT NULL,
  PRIMARY KEY (`ID_PRODUCTO`,`ID_USUARIO`),
  KEY `fk_VALORACION_PRODUCTO_FAVORITOS_USUARIO1_idx` (`ID_USUARIO`),
  CONSTRAINT `fk_VALORACION_PRODUCTO_FAVORITOS_PRODUCTO1` FOREIGN KEY (`ID_PRODUCTO`) REFERENCES `producto` (`id_producto`),
  CONSTRAINT `fk_VALORACION_PRODUCTO_FAVORITOS_USUARIO1` FOREIGN KEY (`ID_USUARIO`) REFERENCES `usuario` (`id_usuario`)
) ENGINE=InnoDB DEFAULT CHARSET=utf8;
/*!40101 SET character_set_client = @saved_cs_client */;

--
-- Dumping data for table `valoracion_producto_favoritos`
--

LOCK TABLES `valoracion_producto_favoritos` WRITE;
/*!40000 ALTER TABLE `valoracion_producto_favoritos` DISABLE KEYS */;
INSERT INTO `valoracion_producto_favoritos` VALUES (63,6,NULL,1);
/*!40000 ALTER TABLE `valoracion_producto_favoritos` ENABLE KEYS */;
UNLOCK TABLES;

--
-- Table structure for table `venta`
--

DROP TABLE IF EXISTS `venta`;
/*!40101 SET @saved_cs_client     = @@character_set_client */;
 SET character_set_client = utf8mb4 ;
CREATE TABLE `venta` (
  `ID_VENTA` int(11) NOT NULL AUTO_INCREMENT,
  `ID_USUARIO` int(11) NOT NULL,
  `TOTAL` double DEFAULT NULL,
  `FECHA_VENTA` date NOT NULL,
  PRIMARY KEY (`ID_VENTA`),
  KEY `fk_VENTA_USUARIO1_idx` (`ID_USUARIO`),
  CONSTRAINT `fk_VENTA_USUARIO1` FOREIGN KEY (`ID_USUARIO`) REFERENCES `usuario` (`id_usuario`)
) ENGINE=InnoDB DEFAULT CHARSET=utf8;
/*!40101 SET character_set_client = @saved_cs_client */;

--
-- Dumping data for table `venta`
--

LOCK TABLES `venta` WRITE;
/*!40000 ALTER TABLE `venta` DISABLE KEYS */;
/*!40000 ALTER TABLE `venta` ENABLE KEYS */;
UNLOCK TABLES;
/*!40103 SET TIME_ZONE=@OLD_TIME_ZONE */;

/*!40101 SET SQL_MODE=@OLD_SQL_MODE */;
/*!40014 SET FOREIGN_KEY_CHECKS=@OLD_FOREIGN_KEY_CHECKS */;
/*!40014 SET UNIQUE_CHECKS=@OLD_UNIQUE_CHECKS */;
/*!40101 SET CHARACTER_SET_CLIENT=@OLD_CHARACTER_SET_CLIENT */;
/*!40101 SET CHARACTER_SET_RESULTS=@OLD_CHARACTER_SET_RESULTS */;
/*!40101 SET COLLATION_CONNECTION=@OLD_COLLATION_CONNECTION */;
/*!40111 SET SQL_NOTES=@OLD_SQL_NOTES */;

-- Dump completed on 2019-05-01 19:43:32
